feedback_id,feedback_text,source,created_at,customer_id,customer_tier,product_module,product_version,rating,language,feedback_type,category,sentiment,urgency,theme_hint,related_context_id,is_gold_label,label_source
FB-0001,"Ever since the last update I get logged out within like two minutes of signing in with SSO. Have to re-auth constantly, it's driving my whole team crazy.",Support ticket,2026-07-12 09:14:00,CUST-1001,Pro,Authentication,v2.4.0,,en,Bug report,Technical Issue,Negative,High,Login failures after an update,BUG-001,True,Manually verified
FB-0002,session keeps dying right after i log in with okta sso. cant get any work done today,Chat,2026-07-12 11:02:00,CUST-1002,Free,Authentication,v2.4.0,,en,Bug report,Technical Issue,Negative,High,Login failures after an update,BUG-001,False,Synthetic
FB-0003,SSO login is broken since v2.4.0. Session drops after roughly 90 seconds every single time. This is blocking our entire engineering team from using FlowHub during a sprint deadline this week. Please escalate - we are considering downgrading our plan if this isn't fixed soon.,Email,2026-07-13 16:40:00,CUST-1003,Enterprise,Authentication,v2.4.0,,en,Bug report,Technical Issue,Negative,High,Login failures after an update,BUG-001,True,Manually verified
FB-0004,logged out again??,App review,2026-07-13 08:20:00,CUST-1004,Pro,Authentication,v2.5.0,1,en,Bug report,Technical Issue,Negative,Medium,Login failures after an update,BUG-001,True,Manually verified
FB-0005,"I really don't understand why I have to log in five times a day now. It wasn't like this before the update. Please fix it soon, it's testing my patience with the product.",Survey,2026-07-15 13:00:00,CUST-1005,Pro,Authentication,v2.4.0,2,en,Service complaint,Support Experience,Negative,Medium,Login failures after an update,BUG-001,False,Synthetic
FB-0006,Is anyone else having trouble staying logged in after the recent update? Just want to know if it's a known issue or something on my end before I open a ticket.,Community post,2026-07-13 10:30:00,CUST-1006,Free,Authentication,v2.4.0,,en,Question,Inquiry,Neutral,Low,Login failures after an update,BUG-001,True,Manually verified
FB-0007,"Password reset link never arrived in my inbox, checked spam too. Tried three times over two days before giving up and emailing support directly.",Support ticket,2026-06-25 14:12:00,CUST-1007,Free,Authentication,v2.1.0,,en,Bug report,Technical Issue,Negative,Medium,Login failures after an update,BUG-009,False,Synthetic
FB-0008,"Reset password email took almost an hour to show up, by then the link had expired. A bit annoying but I got in eventually.",Email,2026-06-26 09:45:00,CUST-1008,Pro,Authentication,v2.1.0,,en,Usability issue,Product Feedback,Mixed,Low,Login failures after an update,BUG-009,True,Manually verified
FB-0009,Absolutely furious. I was locked out of my account for TWO DAYS because your password reset emails never came through. I run my whole team's sprint planning through this tool and had zero access. This better not happen again.,Support ticket,2026-06-26 17:55:00,CUST-1009,Enterprise,Authentication,v2.1.0,1,en,Service complaint,Support Experience,Negative,High,Login failures after an update,BUG-009,True,Manually verified
FB-0010,"quick note - login page redesign looks a lot cleaner after the update, nice work. still logs me out kinda fast tho lol",App review,2026-07-15 20:10:00,CUST-1010,Pro,Authentication,v2.4.0,3,en,Bug report,Technical Issue,Mixed,Low,Login failures after an update,BUG-001,True,Manually verified
FB-0011,Task assignment notifications are showing up over an hour late. By the time I see them the deadline has practically passed.,Support ticket,2026-07-05 09:00:00,CUST-1011,Pro,Notifications,v2.3.0,,en,Bug report,Technical Issue,Negative,High,Delayed notifications,BUG-002,False,Synthetic
FB-0012,"Push notifications on my phone are so delayed they're basically useless at this point, sometimes 2 hours behind.",App review,2026-07-06 12:40:00,CUST-1012,Free,Notifications,v2.4.0,2,en,Bug report,Technical Issue,Negative,High,Delayed notifications,BUG-002,False,Synthetic
FB-0013,"getting notifs like 45 min after someone mentions me, kinda defeats the purpose",Chat,2026-07-07 15:20:00,CUST-1013,Pro,Notifications,v2.3.0,,en,Bug report,Technical Issue,Negative,Medium,Delayed notifications,BUG-002,False,Synthetic
FB-0014,"Notification delivery has gotten noticeably slower since the pipeline update. Not completely broken, just sluggish and inconsistent - sometimes instant, sometimes an hour later.",Survey,2026-07-08 08:55:00,CUST-1014,Pro,Notifications,v2.3.0,3,en,Performance issue,Technical Issue,Mixed,Medium,Delayed notifications,BUG-002,True,Manually verified
FB-0015,It's not clear from the settings page whether 'instant' notifications actually mean instant anymore. Might be worth updating the label since there's clearly a delay built in now.,Community post,2026-07-09 10:10:00,CUST-1015,Pro,Notifications,v2.3.0,,en,Usability issue,Product Feedback,Neutral,Low,Delayed notifications,,False,Synthetic
FB-0016,"Mobile push notifications straight up don't arrive for me anymore, not even delayed. In-app ones still work fine though.",App review,2026-07-09 19:00:00,CUST-1016,Free,Notifications,v2.4.0,2,en,Bug report,Technical Issue,Negative,High,Delayed notifications,,False,Synthetic
FB-0017,"My notification preferences keep resetting to default every time I log out. Have to redo my digest settings constantly, and in the meantime I get instant pings I specifically turned off.",Support ticket,2026-07-04 13:30:00,CUST-1017,Pro,Notifications,v2.3.0,,en,Bug report,Technical Issue,Negative,Medium,Delayed notifications,BUG-014,False,Synthetic
FB-0018,"Noticed notifications lag more during business hours, presumably a load issue on your end. Seems fine late at night.",Survey,2026-07-10 09:20:00,CUST-1018,Pro,Notifications,v2.4.0,3,en,Performance issue,Technical Issue,Neutral,Low,Delayed notifications,,False,Synthetic
FB-0019,"Das ist jetzt das dritte Mal, dass ich verzoegerte Benachrichtigungen melde, und der Support sagt nur, ich solle den Cache leeren.",Support ticket,2026-07-11 11:15:00,CUST-1019,Pro,Notifications,v2.4.0,,de,Service complaint,Support Experience,Negative,Medium,Delayed notifications,BUG-002,True,Manually verified
FB-0020,"The dashboard takes forever to load now, easily 10-15 seconds every morning when I first open it.",Support ticket,2026-06-30 08:40:00,CUST-1020,Pro,Dashboard,v2.2.0,,en,Performance issue,Technical Issue,Negative,Medium,Slow dashboard loading,BUG-003,False,Synthetic
FB-0021,Dashboard loading has gotten really slow since the widget redesign. We have a big workspace (600+ tasks) so maybe that's related.,Email,2026-06-30 10:05:00,CUST-1021,Enterprise,Dashboard,v2.2.0,,en,Performance issue,Technical Issue,Neutral,Medium,Slow dashboard loading,BUG-003,False,Synthetic
FB-0022,anyone else's dashboard just... hanging on load? spinning wheel for like 15 secs before anything shows up,Community post,2026-07-01 21:00:00,CUST-1022,Free,Dashboard,v2.2.0,,en,Performance issue,Technical Issue,Negative,Low,Slow dashboard loading,BUG-003,False,Synthetic
FB-0023,"Dashboard performance has degraded noticeably over the past month. Loading the widgets view now takes 8-12 seconds consistently on our Enterprise workspace, compared to under 2 seconds before v2.2.0.",Support ticket,2026-07-01 09:30:00,CUST-1023,Enterprise,Dashboard,v2.3.0,,en,Performance issue,Technical Issue,Negative,Medium,Slow dashboard loading,BUG-003,True,Manually verified
FB-0024,"Search within the dashboard is slow too, not just the initial load. Typing a query and waiting 3-4 seconds for results feels dated.",Chat,2026-07-02 14:00:00,CUST-1024,Pro,Dashboard,v2.3.0,,en,Performance issue,Technical Issue,Neutral,Low,Slow dashboard loading,,False,Synthetic
FB-0025,"dashboard so slow today, is something down?",Chat,2026-07-03 16:45:00,CUST-1025,Free,Dashboard,v2.3.0,,en,Performance issue,Technical Issue,Negative,Low,Slow dashboard loading,BUG-003,False,Synthetic
FB-0026,Dashboard widgets sometimes don't load at all and just show a blank grey box until I refresh the page.,Support ticket,2026-07-03 11:10:00,CUST-1026,Pro,Dashboard,v2.3.0,,en,Bug report,Technical Issue,Negative,Medium,Slow dashboard loading,BUG-003,False,Synthetic
FB-0027,The activity feed widget on my dashboard hasn't updated in three days even though my team has been actively working.,Email,2026-07-04 09:50:00,CUST-1027,Pro,Dashboard,v2.3.0,,en,Bug report,Technical Issue,Negative,Medium,Slow dashboard loading,,False,Synthetic
FB-0028,We pay for the Enterprise plan specifically for reliability and the dashboard has been embarrassingly slow for weeks now. I've mentioned this in two previous tickets with no resolution.,Support ticket,2026-07-04 15:25:00,CUST-1028,Enterprise,Dashboard,v2.3.0,,en,Service complaint,Support Experience,Negative,High,Slow dashboard loading,BUG-003,False,Synthetic
FB-0029,"I was charged twice for my annual renewal this month. Please refund the duplicate charge immediately, this is unacceptable for a billing system.",Support ticket,2026-06-26 10:00:00,CUST-1029,Pro,Billing,v2.1.0,,en,Service complaint,Support Experience,Negative,High,Confusing billing charges,BUG-004,True,Manually verified
FB-0030,"Got double-billed on renewal. Support said it's a 'known issue' - if it's known, why wasn't it fixed before charging customers again?",Community post,2026-06-27 12:30:00,CUST-1030,Pro,Billing,v2.1.0,,en,Service complaint,Support Experience,Negative,High,Confusing billing charges,BUG-004,False,Synthetic
FB-0031,My latest invoice has a tax line that doesn't match my region's actual tax rate. Either fix the invoice or explain the discrepancy.,Email,2026-07-20 09:15:00,CUST-1031,Pro,Billing,v2.5.0,,en,Service complaint,Support Experience,Negative,Medium,Confusing billing charges,BUG-013,False,Synthetic
FB-0032,Upgraded to Pro mid-month and got charged the FULL price with no proration. Feels like a bait and switch.,Support ticket,2026-06-28 13:45:00,CUST-1032,Pro,Billing,v2.1.0,,en,Service complaint,Support Experience,Negative,Medium,Confusing billing charges,,False,Synthetic
FB-0033,The pricing page says one thing and my actual invoice says another. Very confusing and honestly feels a bit shady.,Community post,2026-06-29 17:00:00,CUST-1033,Free,Billing,v2.1.0,,en,Service complaint,Support Experience,Negative,Low,Confusing billing charges,,False,Synthetic
FB-0034,Why is there a tax charge on my invoice this month that wasn't there last month? Did something change with your billing setup?,Chat,2026-07-21 10:20:00,CUST-1034,Pro,Billing,v2.5.0,,en,Question,Inquiry,Neutral,Medium,Confusing billing charges,BUG-013,True,Manually verified
FB-0035,Can someone explain what the 'workspace add-on fee' on my bill actually covers? Not seeing this documented anywhere.,Chat,2026-06-29 11:40:00,CUST-1035,Pro,Billing,v2.1.0,,en,Question,Inquiry,Neutral,Low,Confusing billing charges,,False,Synthetic
FB-0036,Billing dashboard shows I was charged twice in May but only one transaction shows up in my bank statement - the numbers don't add up on your end.,Support ticket,2026-06-27 08:50:00,CUST-1036,Pro,Billing,v2.1.0,,en,Bug report,Technical Issue,Negative,Medium,Confusing billing charges,BUG-004,False,Synthetic
FB-0037,Downgraded from Enterprise to Pro last week and I'm still being billed at the Enterprise rate.,Support ticket,2026-06-30 14:35:00,CUST-1037,Pro,Billing,v2.2.0,,en,Bug report,Technical Issue,Negative,Medium,Confusing billing charges,,False,Synthetic
FB-0038,App crashes every single time I try to open a task that has a file attached. Happens on both my phone and tablet.,App review,2026-07-17 09:00:00,CUST-1038,Pro,Mobile App,v2.5.0,1,en,Bug report,Technical Issue,Negative,High,Mobile app crashes,BUG-005,True,Manually verified
FB-0039,Mobile app force closes when opening tasks with attachments larger than a few MB. Started right after the latest app update.,Support ticket,2026-07-18 11:20:00,CUST-1039,Pro,Mobile App,v2.5.0,,en,Bug report,Technical Issue,Negative,High,Mobile app crashes,BUG-005,False,Synthetic
FB-0040,Getting randomly logged out of the mobile app like 4-5 times a day. Really disruptive when I'm trying to check something quickly between meetings.,App review,2026-07-13 08:30:00,CUST-1040,Pro,Mobile App,v2.4.0,2,en,Bug report,Technical Issue,Negative,High,Mobile app crashes,BUG-012,False,Synthetic
FB-0041,"iOS app signs me out constantly, way more than the web version. Wasn't like this a couple months ago.",App review,2026-07-14 19:45:00,CUST-1041,Free,Mobile App,v2.4.0,2,en,Bug report,Technical Issue,Negative,Medium,Mobile app crashes,BUG-012,False,Synthetic
FB-0042,New crash I haven't seen reported: app closes immediately when I try to switch workspaces from the mobile menu.,Support ticket,2026-07-19 10:10:00,CUST-1042,Pro,Mobile App,v2.5.0,,en,Bug report,Technical Issue,Negative,Medium,Mobile app crashes,,False,Synthetic
FB-0043,"android app froze completely trying to upload a photo attachment to a task, had to force close",App review,2026-07-19 13:55:00,CUST-1043,Free,Mobile App,v2.5.0,1,en,Bug report,Technical Issue,Negative,Medium,Mobile app crashes,,False,Synthetic
FB-0044,"crashes on opening any task w attachments, android, super annoying",App review,2026-07-20 09:05:00,CUST-1044,Pro,Mobile App,v2.5.0,1,en,Bug report,Technical Issue,Negative,High,Mobile app crashes,BUG-005,True,Manually verified
FB-0045,The mobile app navigation is confusing after the redesign - took me a while to even find where task attachments show up now.,App review,2026-07-19 12:00:00,CUST-1045,Pro,Mobile App,v2.5.0,3,en,Usability issue,Product Feedback,Mixed,Low,Mobile app crashes,,False,Synthetic
FB-0046,"The mobile app has been unreliable since the rewrite. Constant logouts, occasional crashes. For a paid Pro plan I expect better stability than this.",Support ticket,2026-07-20 16:30:00,CUST-1041,Pro,Mobile App,v2.5.0,,en,Service complaint,Support Experience,Negative,Medium,Mobile app crashes,BUG-012,False,Synthetic
FB-0047,"Please, please add a dark mode option for the dashboard. I work late a lot and the bright white screen is rough on the eyes.",Community post,2026-07-05 21:00:00,CUST-1046,Pro,Dashboard,v2.4.0,,en,Feature request,Product Feedback,Neutral,Low,Missing dark mode,FR-001,True,Manually verified
FB-0048,Dark mode when? This has been requested for ages and every competitor already has it.,App review,2026-07-06 10:15:00,CUST-1047,Free,Dashboard,v2.4.0,3,en,Feature request,Product Feedback,Negative,Low,Missing dark mode,FR-001,False,Synthetic
FB-0049,"Would love a dark theme, especially for the reports and task list views specifically.",Survey,2026-07-07 08:40:00,CUST-1048,Pro,Dashboard,v2.4.0,4,en,Feature request,Product Feedback,Positive,Low,Missing dark mode,FR-001,False,Synthetic
FB-0050,dark mode pls my eyes are dying,App review,2026-07-08 22:30:00,CUST-1049,Free,Dashboard,v2.4.0,3,en,Feature request,Product Feedback,Neutral,Low,Missing dark mode,FR-001,True,Manually verified
FB-0051,"Adding a system-based dark/light auto-switch would be a nice touch instead of manual toggling, if dark mode is ever built.",Community post,2026-07-09 14:20:00,CUST-1050,Pro,Dashboard,v2.4.0,,en,Feature request,Product Feedback,Neutral,Low,Missing dark mode,FR-001,False,Synthetic
FB-0052,Voting for dark mode too - small thing but it would make a big difference for daily use.,Survey,2026-07-09 09:10:00,CUST-1051,Pro,Dashboard,v2.4.0,4,en,Feature request,Product Feedback,Positive,Low,Missing dark mode,FR-001,False,Synthetic
FB-0053,"The dashboard is way too bright and there's no way to adjust it. Not asking for a full redesign, just something easier on the eyes for long sessions.",Chat,2026-07-10 20:00:00,CUST-1052,Pro,Dashboard,v2.4.0,,en,Usability issue,Product Feedback,Negative,Low,Missing dark mode,FR-001,False,Synthetic
FB-0054,"High contrast white theme is rough for accessibility reasons, some of us are sensitive to bright screens. A dark or muted theme option would help a lot.",Support ticket,2026-07-11 11:50:00,CUST-1053,Enterprise,Dashboard,v2.4.0,,en,Usability issue,Product Feedback,Neutral,Medium,Missing dark mode,FR-001,False,Synthetic
FB-0055,"Slack integration just stopped syncing task updates out of nowhere. Had to disconnect and reconnect to get it working again, and it'll probably break again in a few days.",Support ticket,2026-07-03 09:25:00,CUST-1054,Pro,Integrations,v2.3.0,,en,Bug report,Technical Issue,Negative,High,Integration synchronization failures,BUG-006,False,Synthetic
FB-0056,Our Slack channel hasn't received a task notification in 4 days even though the integration shows as 'connected.',Support ticket,2026-07-04 13:00:00,CUST-1055,Pro,Integrations,v2.3.0,,en,Bug report,Technical Issue,Negative,High,Integration synchronization failures,BUG-006,False,Synthetic
FB-0057,Google Calendar sync is creating duplicate events for the same task every time I edit the due date.,Support ticket,2026-07-19 10:40:00,CUST-1056,Pro,Integrations,v2.4.0,,en,Bug report,Technical Issue,Negative,High,Integration synchronization failures,BUG-011,True,Manually verified
FB-0058,Every task I sync to my calendar shows up twice now. Cleaning up the duplicates manually every week is getting old.,Chat,2026-07-19 15:15:00,CUST-1057,Enterprise,Integrations,v2.4.0,,en,Bug report,Technical Issue,Negative,High,Integration synchronization failures,BUG-011,False,Synthetic
FB-0059,"Jira sync (through the Zapier workaround) dropped several tasks entirely, they just vanished from the Jira board.",Support ticket,2026-07-05 08:20:00,CUST-1058,Enterprise,Integrations,v2.3.0,,en,Bug report,Technical Issue,Negative,High,Integration synchronization failures,,False,Synthetic
FB-0060,"Our Trello import never fully completed, about 30 cards are just missing with no error message.",Support ticket,2026-07-06 12:05:00,CUST-1059,Pro,Integrations,v2.3.0,,en,Bug report,Technical Issue,Negative,Medium,Integration synchronization failures,,False,Synthetic
FB-0061,"Slack sync works but there's now a noticeable delay, like 10-15 minutes, between updating a task and seeing it reflected in the channel.",Chat,2026-07-04 17:10:00,CUST-1060,Pro,Integrations,v2.3.0,,en,Performance issue,Technical Issue,Neutral,Low,Integration synchronization failures,BUG-006,False,Synthetic
FB-0062,Reported the duplicate calendar event bug a month ago and it's still happening. This makes the integration basically unusable for our team's planning.,Support ticket,2026-07-22 09:30:00,CUST-1057,Enterprise,Integrations,v2.4.0,,en,Service complaint,Support Experience,Negative,High,Integration synchronization failures,BUG-011,True,Manually verified
FB-0063,"Exporting a report to CSV silently drops everything past 1000 rows. No warning, no error, I only noticed because the numbers looked wrong.",Support ticket,2026-06-25 10:00:00,CUST-1061,Pro,Reports,v2.1.0,,en,Usability issue,Product Feedback,Negative,Medium,Difficulty exporting reports,BUG-007,True,Manually verified
FB-0064,Report export is missing data - pulled a CSV of all tasks and it cuts off way before the actual total count.,Support ticket,2026-06-25 14:20:00,CUST-1062,Enterprise,Reports,v2.1.0,,en,Bug report,Technical Issue,Negative,Medium,Difficulty exporting reports,BUG-007,False,Synthetic
FB-0065,The export button is buried three menus deep in the reports section. Took me way longer than it should have to find it.,Chat,2026-06-28 11:15:00,CUST-1063,Pro,Reports,v2.2.0,,en,Usability issue,Product Feedback,Neutral,Low,Difficulty exporting reports,,False,Synthetic
FB-0066,"Can we get Excel export with actual formatting (colors, headers) instead of plain CSV? Copy-pasting into a template every week is tedious.",Community post,2026-06-28 09:40:00,CUST-1064,Pro,Reports,v2.2.0,,en,Feature request,Product Feedback,Neutral,Low,Difficulty exporting reports,FR-004,True,Manually verified
FB-0067,Exporting to Excel with charts intact instead of just raw numbers would save me hours every month.,Survey,2026-06-29 16:00:00,CUST-1065,Enterprise,Reports,v2.2.0,4,en,Feature request,Product Feedback,Positive,Low,Difficulty exporting reports,FR-004,False,Synthetic
FB-0068,"Exported report was supposed to have around 2400 rows based on our task count, but the CSV file only has 1000. Something is definitely cutting it off.",Email,2026-06-27 13:35:00,CUST-1066,Enterprise,Reports,v2.2.0,,en,Bug report,Technical Issue,Negative,Medium,Difficulty exporting reports,BUG-007,False,Synthetic
FB-0069,Not obvious that 'export' and 'download report' are two different buttons that do different things. Confused me for a good five minutes.,Chat,2026-06-30 10:50:00,CUST-1067,Pro,Reports,v2.2.0,,en,Usability issue,Product Feedback,Neutral,Low,Difficulty exporting reports,,False,Synthetic
FB-0070,Comments on tasks don't show up for teammates until they manually refresh the page. Feels broken for something that should be real-time.,Support ticket,2026-07-01 09:00:00,CUST-1068,Pro,Task Management,v2.2.0,,en,Bug report,Technical Issue,Negative,Low,,BUG-008,False,Synthetic
FB-0071,A task due 'Friday' shows up as Thursday on my calendar view. I'm in a timezone west of UTC so I think that's related.,Support ticket,2026-07-14 08:15:00,CUST-1069,Pro,Task Management,v2.4.0,,en,Bug report,Technical Issue,Negative,Medium,,BUG-010,False,Synthetic
FB-0072,"Our scheduled weekly report just... stopped sending three weeks ago. No error, no notice, we only noticed because someone asked where it went.",Support ticket,2026-07-22 10:30:00,CUST-1070,Enterprise,Reports,v2.6.0,,en,Bug report,Technical Issue,Negative,High,,BUG-015,False,Synthetic
FB-0073,Duplicating a project copies the tasks but not the custom fields I set up. Have to redo all of them by hand every time.,Chat,2026-06-26 11:00:00,CUST-1071,Pro,Task Management,v2.1.0,,en,Bug report,Technical Issue,Negative,Low,,,True,Manually verified
FB-0074,Task priority flags (Low/Medium/High) reset to default whenever I bulk-move tasks between projects.,Support ticket,2026-06-27 15:40:00,CUST-1072,Pro,Task Management,v2.1.0,,en,Bug report,Technical Issue,Negative,Medium,,,False,Synthetic
FB-0075,Assigning a task to more than one person seems to silently only keep the first assignee. Second person never gets notified.,Support ticket,2026-06-28 09:20:00,CUST-1073,Enterprise,Task Management,v2.2.0,,en,Bug report,Technical Issue,Negative,Medium,,,False,Synthetic
FB-0076,Search is returning tasks from an archived project that I specifically excluded in the filter.,Chat,2026-07-02 13:10:00,CUST-1074,Pro,Dashboard,v2.2.0,,en,Bug report,Technical Issue,Negative,Low,,,False,Synthetic
FB-0077,Subtask completion percentage on the parent task is wildly wrong - shows 40% when all subtasks are actually done.,Support ticket,2026-07-07 10:45:00,CUST-1075,Pro,Task Management,v2.3.0,,en,Bug report,Technical Issue,Negative,Medium,,,False,Synthetic
FB-0078,"File uploads over 20MB fail with no error message, the progress bar just freezes at 90%.",Support ticket,2026-07-11 16:00:00,CUST-1076,Pro,Task Management,v2.4.0,,en,Bug report,Technical Issue,Negative,Medium,,,False,Synthetic
FB-0079,"When I rename a project, all the saved filter views tied to it silently break and show 'no results.'",Chat,2026-07-14 09:35:00,CUST-1077,Pro,Dashboard,v2.4.0,,en,Bug report,Technical Issue,Negative,Low,,,False,Synthetic
FB-0080,Two different team members can edit the same task description at the same time and one person's changes get overwritten with no warning.,Support ticket,2026-07-16 11:25:00,CUST-1078,Enterprise,Task Management,v2.5.0,,en,Bug report,Technical Issue,Negative,High,,,False,Synthetic
FB-0081,"The 'mark all as read' button for notifications doesn't actually mark everything, I still have 12 unread ones after clicking it.",Chat,2026-07-17 14:50:00,CUST-1079,Pro,Notifications,v2.5.0,,en,Bug report,Technical Issue,Negative,Low,,,False,Synthetic
FB-0082,"Recurring weekly meeting task got created 15 times in a row this morning, cluttering the whole project board.",Support ticket,2026-07-18 08:05:00,CUST-1080,Pro,Task Management,v2.5.0,,en,Bug report,Technical Issue,Negative,Medium,,,False,Synthetic
FB-0083,"Time zone shown in task activity logs doesn't match my account's configured timezone, off by exactly 5 hours every time.",Email,2026-07-21 12:15:00,CUST-1081,Pro,Task Management,v2.5.0,,en,Bug report,Technical Issue,Neutral,Low,,,False,Synthetic
FB-0084,Would be great to select a bunch of tasks at once and change their status together instead of clicking into each one individually.,Community post,2026-06-26 10:00:00,CUST-1082,Pro,Task Management,v2.1.0,,en,Feature request,Product Feedback,Neutral,Low,,FR-002,True,Manually verified
FB-0085,Please let us choose a specific time for the daily digest email instead of it just showing up whenever. I'd want mine at 8am specifically.,Community post,2026-06-29 09:30:00,CUST-1083,Pro,Notifications,v2.2.0,,en,Feature request,Product Feedback,Neutral,Low,,FR-003,False,Synthetic
FB-0086,Any timeline on real two-way Jira sync? Right now we're stuck maintaining tasks in both places manually which defeats the purpose.,Community post,2026-07-05 11:00:00,CUST-1084,Enterprise,Integrations,v2.3.0,,en,Feature request,Product Feedback,Neutral,Medium,,FR-006,False,Synthetic
FB-0087,Traveling for work a lot with spotty wifi - an offline mode for the mobile app where changes sync once I'm back online would help a ton.,Survey,2026-07-17 14:40:00,CUST-1085,Pro,Mobile App,v2.5.0,4,en,Feature request,Product Feedback,Positive,Low,,FR-008,False,Synthetic
FB-0088,We have the same five tasks every single sprint. Recurring task templates would save so much setup time.,Community post,2026-07-07 13:20:00,CUST-1086,Pro,Task Management,v2.4.0,,en,Feature request,Product Feedback,Neutral,Low,,FR-009,False,Synthetic
FB-0089,The fixed dashboard layout doesn't fit how our team actually works. Let us rearrange or swap out widgets for the ones we care about.,Community post,2026-07-08 15:10:00,CUST-1087,Enterprise,Dashboard,v2.4.0,,en,Feature request,Product Feedback,Neutral,Low,,FR-010,False,Synthetic
FB-0090,"Slack comment notifications post as new messages instead of threading under the original task discussion, gets messy fast in busy channels.",Chat,2026-07-08 10:35:00,CUST-1088,Pro,Integrations,v2.4.0,,en,Feature request,Product Feedback,Neutral,Low,,FR-011,False,Synthetic
FB-0091,"We bill our clients in EUR but your invoices only generate in USD, causes accounting headaches every month.",Support ticket,2026-07-21 09:50:00,CUST-1089,Enterprise,Billing,v2.5.0,,en,Feature request,Product Feedback,Neutral,Medium,,FR-012,False,Synthetic
FB-0092,A Gantt/timeline view for projects would help a lot with visualizing dependencies across a multi-week rollout.,Community post,2026-06-30 12:00:00,CUST-1090,Enterprise,Task Management,v2.2.0,,en,Feature request,Product Feedback,Neutral,Low,,,False,Synthetic
FB-0093,Custom fields on tasks - even just 2-3 free text or dropdown fields - would cover so many workflows this tool currently can't handle.,Community post,2026-07-01 16:30:00,CUST-1091,Enterprise,Task Management,v2.2.0,,en,Feature request,Product Feedback,Neutral,Low,,,True,Manually verified
FB-0094,"Keyboard shortcuts for common actions (new task, assign, mark done) would speed things up a lot for power users.",Community post,2026-07-02 09:10:00,CUST-1092,Pro,Dashboard,v2.3.0,,en,Feature request,Product Feedback,Neutral,Low,,,False,Synthetic
FB-0095,Our integration hits the API rate limit constantly during business hours. Could the limit be raised for Enterprise plans?,Support ticket,2026-07-08 11:45:00,CUST-1093,Enterprise,Integrations,v2.3.0,,en,Feature request,Product Feedback,Neutral,Medium,,,False,Synthetic
FB-0096,An audit log showing who changed what and when across the workspace would help a lot with internal compliance reviews.,Email,2026-07-10 10:20:00,CUST-1094,Enterprise,Reports,v2.4.0,,en,Feature request,Product Feedback,Neutral,Low,,,False,Synthetic
FB-0097,"SAML सपोर्ट चाहिए, सिर्फ Okta OAuth नहीं, ताकि हम अपने मौजूदा identity provider का इस्तेमाल करके Enterprise SSO सेट कर सकें।",Email,2026-07-11 09:00:00,CUST-1095,Enterprise,Authentication,v2.4.0,,hi,Feature request,Product Feedback,Neutral,Medium,,,False,Synthetic
FB-0098,"Un time tracking integrato per ogni singolo task, invece di dover usare uno strumento separato, sarebbe davvero utile.",Community post,2026-07-12 14:00:00,CUST-1096,Pro,Task Management,v2.4.0,,it,Feature request,Product Feedback,Neutral,Low,,,False,Synthetic
FB-0099,Sería genial poder invitar usuarios en bloque subiendo un CSV en lugar de invitar uno por uno.,Community post,2026-07-14 11:30:00,CUST-1097,Enterprise,Authentication,v2.4.0,,es,Feature request,Product Feedback,Neutral,Low,,,False,Synthetic
FB-0100,SlackやJiraだけでなく、汎用的なWebhookがあれば、公式の統合を待たずに自分たちで自動化を構築できるのですが。,Community post,2026-07-15 09:45:00,CUST-1098,Enterprise,Integrations,v2.4.0,,ja,Feature request,Product Feedback,Neutral,Low,,,False,Synthetic
FB-0101,Task dependencies (blocking/blocked-by relationships) that actually prevent a task from being marked done until its blockers are resolved.,Community post,2026-07-16 13:15:00,CUST-1099,Pro,Task Management,v2.5.0,,en,Feature request,Product Feedback,Neutral,Low,,,False,Synthetic
FB-0102,Would like to customize the columns on my personal task board instead of the default To Do / In Progress / Done setup.,Community post,2026-07-17 10:00:00,CUST-1100,Pro,Task Management,v2.5.0,,en,Feature request,Product Feedback,Neutral,Low,,,False,Synthetic
FB-0103,Native video call integration (Zoom or Meet) directly from a task instead of copy-pasting a separate meeting link every time.,Community post,2026-07-18 15:50:00,CUST-1101,Pro,Integrations,v2.5.0,,en,Feature request,Product Feedback,Neutral,Low,,,False,Synthetic
FB-0104,A 'watch' or follow option for tasks I'm not assigned to but want updates on would be really useful for managers.,Community post,2026-07-20 09:25:00,CUST-1102,Pro,Task Management,v2.5.0,,en,Feature request,Product Feedback,Neutral,Low,,,False,Synthetic
FB-0105,Would love the ability to set working hours per team member so due dates and reminders respect actual availability instead of assuming 24/7.,Community post,2026-07-21 12:40:00,CUST-1103,Enterprise,Task Management,v2.6.0,,en,Feature request,Product Feedback,Neutral,Low,,,False,Synthetic
FB-0106,"Creating a new task takes way too many clicks - modal, then a second modal for assignee, then a third for due date. Could easily be one screen.",Chat,2026-06-27 10:00:00,CUST-1104,Pro,Task Management,v2.1.0,,en,Usability issue,Product Feedback,Negative,Low,,,True,Manually verified
FB-0107,Error messages are so vague. 'Something went wrong' doesn't tell me anything when a save fails.,Support ticket,2026-06-28 11:30:00,CUST-1105,Pro,Dashboard,v2.2.0,,en,Usability issue,Product Feedback,Negative,Medium,,,False,Synthetic
FB-0108,"Onboarding was confusing, I didn't realize you had to create a 'workspace' before a 'project' before a 'task' - took me a while to figure out the hierarchy.",Survey,2026-06-28 09:00:00,CUST-1106,Free,Dashboard,v2.2.0,2,en,Usability issue,Product Feedback,Negative,Low,,,False,Synthetic
FB-0109,"The search bar doesn't distinguish between searching tasks vs. searching people vs. searching projects, results all get jumbled together.",Chat,2026-06-29 14:15:00,CUST-1107,Pro,Dashboard,v2.2.0,,en,Usability issue,Product Feedback,Neutral,Low,,,False,Synthetic
FB-0110,"Notification settings are split across three different pages (account, workspace, project) with no clear reason why.",Chat,2026-07-01 10:40:00,CUST-1108,Pro,Notifications,v2.2.0,,en,Usability issue,Product Feedback,Neutral,Low,,,False,Synthetic
FB-0111,"Permission levels (Viewer/Editor/Admin) aren't explained anywhere in the UI, had to guess what each one actually allows.",Support ticket,2026-07-02 15:20:00,CUST-1109,Enterprise,Authentication,v2.3.0,,en,Usability issue,Product Feedback,Neutral,Medium,,,False,Synthetic
FB-0112,"Filter combinations in the task list reset every time I navigate away, even though I use the same filters daily.",Chat,2026-07-03 09:55:00,CUST-1110,Pro,Task Management,v2.3.0,,en,Usability issue,Product Feedback,Negative,Low,,,False,Synthetic
FB-0113,"The report builder has too many options crammed onto one screen, genuinely hard to tell which settings matter for a basic report.",Survey,2026-07-04 13:10:00,CUST-1111,Pro,Reports,v2.3.0,2,en,Usability issue,Product Feedback,Negative,Low,,,False,Synthetic
FB-0114,"Mobile app menu icons aren't labeled, took a while to figure out which one was settings versus notifications.",App review,2026-07-06 20:00:00,CUST-1112,Free,Mobile App,v2.3.0,3,en,Usability issue,Product Feedback,Neutral,Low,,,False,Synthetic
FB-0115,"Archiving a project doesn't clearly explain what happens to the tasks inside it - are they archived too, deleted, or still active?",Chat,2026-07-07 11:25:00,CUST-1113,Pro,Task Management,v2.4.0,,en,Usability issue,Product Feedback,Neutral,Low,,,False,Synthetic
FB-0116,Task due dates and reminder times use different time formats (12hr vs 24hr) depending on which screen you're on.,Support ticket,2026-07-09 09:45:00,CUST-1114,Pro,Task Management,v2.4.0,,en,Usability issue,Product Feedback,Neutral,Low,,,False,Synthetic
FB-0117,Would help if the billing page showed a preview of the next invoice instead of just the current balance.,Chat,2026-07-10 10:30:00,CUST-1115,Pro,Billing,v2.4.0,,en,Usability issue,Product Feedback,Neutral,Low,,,False,Synthetic
FB-0118,"It's not obvious how to leave a workspace once you've joined it, ended up emailing support just to ask.",Email,2026-07-12 14:00:00,CUST-1116,Free,Authentication,v2.4.0,,en,Usability issue,Product Feedback,Neutral,Low,,,False,Synthetic
FB-0119,"Color coding for task priority isn't consistent between the list view and the board view, kind of confusing at a glance.",Chat,2026-07-13 09:15:00,CUST-1117,Pro,Task Management,v2.4.0,,en,Usability issue,Product Feedback,Neutral,Low,,,False,Synthetic
FB-0120,"Copy is inconsistent - some buttons say 'Delete,' others say 'Remove,' seems to do the same thing but reads like they might not.",Chat,2026-07-15 11:40:00,CUST-1118,Pro,Dashboard,v2.4.0,,en,Usability issue,Product Feedback,Neutral,Low,,,False,Synthetic
FB-0121,"The 'default view' setting doesn't actually stick between sessions, keeps reverting to list view even though I set board view.",Support ticket,2026-07-16 10:05:00,CUST-1119,Pro,Dashboard,v2.4.0,,en,Usability issue,Product Feedback,Negative,Low,,,False,Synthetic
FB-0122,Generating a report for a 3-month date range takes almost a full minute. Shorter ranges are fine.,Support ticket,2026-06-30 09:00:00,CUST-1120,Enterprise,Reports,v2.2.0,,en,Performance issue,Technical Issue,Neutral,Low,,,True,Manually verified
FB-0123,Search across the whole workspace is noticeably slower than searching within a single project.,Chat,2026-07-05 13:30:00,CUST-1121,Pro,Dashboard,v2.3.0,,en,Performance issue,Technical Issue,Neutral,Low,,,False,Synthetic
FB-0124,Le televersement d'une piece jointe de 30 Mo prend plusieurs minutes et echoue parfois.,Support ticket,2026-07-10 10:50:00,CUST-1122,Pro,Task Management,v2.4.0,,fr,Performance issue,Technical Issue,Negative,Medium,,,False,Synthetic
FB-0125,"Everything feels laggy for our team between 9-10am, presumably a peak traffic thing, fine rest of the day.",Chat,2026-07-13 09:20:00,CUST-1123,Pro,Dashboard,v2.4.0,,en,Performance issue,Technical Issue,Neutral,Low,,,False,Synthetic
FB-0126,"The task list view with lots of subtasks expanded gets really sluggish to scroll through, like the browser is struggling to keep up.",Support ticket,2026-07-16 11:15:00,CUST-1124,Pro,Task Management,v2.4.0,,en,Performance issue,Technical Issue,Negative,Low,,,False,Synthetic
FB-0127,"Noticed load times got worse across the board after the v2.5.0 update, not just one specific page.",Support ticket,2026-07-19 10:00:00,CUST-1125,Enterprise,Dashboard,v2.5.0,,en,Performance issue,Technical Issue,Negative,Medium,,,False,Synthetic
FB-0128,Called support about an urgent issue and waited 6 days for a first response. That's not acceptable for a paid plan.,Email,2026-07-06 09:00:00,CUST-1007,Pro,Task Management,v2.3.0,,en,Service complaint,Support Experience,Negative,Medium,,,False,Synthetic
FB-0129,Got moved from Pro to a 'legacy' plan without any notice and my price went up $8/month. Would've appreciated a heads up.,Support ticket,2026-07-11 12:20:00,CUST-1126,Pro,Billing,v2.4.0,,en,Service complaint,Support Experience,Negative,Medium,,,False,Synthetic
FB-0130,Support agent closed my ticket about the delayed notifications as 'resolved' without actually replying to my last message.,Support ticket,2026-07-09 15:35:00,CUST-1127,Pro,Notifications,v2.4.0,,en,Service complaint,Support Experience,Negative,Low,,,False,Synthetic
FB-0131,Renewed my plan and then this rejected billing feature request comes back with a canned 'not on our roadmap' response after 41 people asked for it. Feels like feedback goes nowhere here.,Community post,2026-07-16 09:50:00,CUST-1128,Pro,Billing,v2.5.0,,en,Service complaint,Support Experience,Negative,Low,,FR-007,True,Manually verified
FB-0132,Does FlowHub support single sign-on for Enterprise customers? We're going through a security review before renewing.,Chat,2026-07-17 10:15:00,CUST-1129,Enterprise,Authentication,v2.5.0,,en,Question,Inquiry,Neutral,Medium,,FR-005,True,Manually verified
FB-0133,What's actually different between the Pro and Enterprise plans besides price? The comparison page is pretty thin on details.,Chat,2026-07-02 11:00:00,CUST-1130,Free,Billing,v2.3.0,,en,Question,Inquiry,Neutral,Low,,,False,Synthetic
FB-0134,Is there a public API? Want to pull task data into our internal reporting tool.,Email,2026-07-06 09:30:00,CUST-1131,Enterprise,Integrations,v2.3.0,,en,Question,Inquiry,Neutral,Low,,,False,Synthetic
FB-0135,How do I fully cancel my subscription instead of just downgrading to Free? Can't find the option anywhere.,Email,2026-07-15 14:45:00,CUST-1132,Pro,Billing,v2.4.0,,en,Question,Inquiry,Neutral,Medium,,,False,Synthetic
FB-0136,"Can I rename my workspace after creating it, or is that locked in permanently?",Community post,2026-07-18 10:20:00,CUST-1133,Free,Dashboard,v2.5.0,,en,Question,Inquiry,Neutral,Low,,,False,Synthetic
FB-0137,"i cant log in, is there a support number i can call instead of email",Chat,2026-07-20 09:10:00,CUST-1134,Free,Authentication,v2.5.0,,en,Question,Inquiry,Neutral,Medium,,,True,Manually verified
FB-0138,Voces oferecem desconto para organizacoes sem fins lucrativos ou para uso educacional? Nao encontrei essa informacao na pagina de precos.,Email,2026-07-21 11:30:00,CUST-1135,Free,Billing,v2.6.0,,pt,Question,Inquiry,Neutral,Low,,,False,Synthetic
FB-0139,"Okta SSO login has been a huge win for our onboarding process, new hires get access so much faster now that they don't need separate credentials. Great addition.",Survey,2026-07-11 09:00:00,CUST-1136,Enterprise,Authentication,v2.4.0,5,en,Praise,Positive Feedback,Positive,Low,,FR-005,True,Manually verified
FB-0140,Password reset actually works now! Got the email in under a minute this time. Appreciate the fix.,App review,2026-06-26 10:40:00,CUST-1007,Free,Authentication,v2.2.0,5,en,Praise,Positive Feedback,Positive,Low,,BUG-009,False,Synthetic
FB-0141,"Just wanted to say the new task calendar view is genuinely great, makes weekly planning so much easier for our team.",Survey,2026-07-12 11:20:00,CUST-1137,Pro,Task Management,v2.4.0,5,en,Praise,Positive Feedback,Positive,Low,,,False,Synthetic
FB-0142,"Customer support fixed my billing question in under 20 minutes over chat today, fantastic experience, wanted to pass along the feedback.",Survey,2026-07-02 15:00:00,CUST-1138,Pro,Billing,v2.3.0,5,en,Praise,Positive Feedback,Positive,Low,,,False,Synthetic
FB-0143,Been using FlowHub for almost a year now and honestly it's the best PM tool we've tried for a small remote team.,App review,2026-07-21 20:10:00,CUST-1139,Pro,Dashboard,v2.6.0,5,en,Praise,Positive Feedback,Positive,Low,,,False,Synthetic
FB-0144,"The mobile app redesign is a big step up, feels much snappier and easier to navigate than the old version.",App review,2026-07-18 09:30:00,CUST-1140,Pro,Mobile App,v2.5.0,4,en,Praise,Positive Feedback,Positive,Low,,,False,Synthetic
FB-0145,"Simple but appreciated: love that task templates save time every sprint. Small thing, big impact.",Survey,2026-07-15 10:00:00,CUST-1141,Pro,Task Management,v2.4.0,5,en,Praise,Positive Feedback,Positive,Low,,,False,Synthetic
FB-0146,"5 estrellas, hace exactamente lo que necesitamos sin funciones innecesarias. La configuracion tomo unos 15 minutos para todo el equipo.",App review,2026-07-22 13:45:00,CUST-1142,Free,Dashboard,v2.6.0,5,es,Praise,Positive Feedback,Positive,Low,,,False,Synthetic
FB-0147,not sure if this is the right place but ok,Survey,2026-07-03 10:00:00,CUST-1143,Free,Dashboard,v2.3.0,3,en,Other,Other,Neutral,Low,,,True,Manually verified
FB-0148,"just wanted to check in and see how things are going with the product roadmap overall, no specific issue",Community post,2026-07-08 11:20:00,CUST-1144,Pro,Dashboard,v2.4.0,,en,Other,Other,Neutral,Low,,,False,Synthetic
FB-0149,make it better please. thanks,Survey,2026-07-14 09:00:00,CUST-1145,Free,Dashboard,v2.4.0,3,en,Other,Other,Neutral,Low,,,False,Synthetic
FB-0150,"This might be more of a general comment than a specific request but I think the whole platform could use a refresh in general - hard to pin down anything specific, just an overall feeling after using it for a while.",Community post,2026-07-17 14:10:00,CUST-1146,Pro,Dashboard,v2.5.0,,en,Other,Other,Mixed,Low,,,False,Synthetic
